parameter,estimate,std_error,ci_low,ci_high,pr_positive
Intercept,-1.72,0.078,-1.8738785211403137,-1.5668719461536396,0.0
log(n_qubits),0.42,0.042,0.3378161087072424,0.5021907826827011,1.0
log(depth),0.283,0.027,0.22997660115054144,0.33586594211854076,1.0
log(eta = 1 - 4p/3),27.465,2.19,23.178599219998063,31.764264710147106,1.0
gamma=a2/a3,0.01037044373086938,0.0013063120855156386,0.007997467765642415,0.013119667648245866,1.0
