p,B,budget_model,n_baseline,L_baseline,MI_baseline_pred,cost_baseline,n_control,L_control,u_control,MI_control_pred,cost_control,gain_pct
0.02,20,gate,8,2,0.2483747989603763,16.0,8,1,2.0,0.3883169451970978,17.6,56.343134175640245
0.02,20,wallclock,2,6,0.189351019297812,20.0,2,2,1.0,0.22235440828034736,19.200000000000003,17.429739277308826
0.02,40,gate,8,5,0.32190264933402785,40.0,8,2,2.0,0.47247390945778883,35.2,46.775402574434274
0.02,40,wallclock,4,6,0.25333794624537953,40.0,2,5,2.0,0.34208155473791535,39.6,35.02973392173158
0.02,80,gate,8,10,0.3916661507482535,80.0,8,4,2.0,0.5748695695085398,70.4,46.77540257443431
0.02,80,wallclock,8,6,0.3389478189546162,80.0,4,5,2.0,0.4576803380679307,79.2,35.02973392173158
0.02,160,gate,8,12,0.4124053897323336,96.0,8,9,2.0,0.7231642903795145,158.4,75.35277384441433
0.02,160,wallclock,8,12,0.4124053897323336,128.0,6,8,2.0,0.6198499056672019,158.4,50.301116595374154
